timestampNs,latitude,longitude,speed,yaw,zDiff,stdevZ,zThreshDiff,algZDiff,algZThresh,algStdev,algGZero,voteCount,rejectedReason
36510337812317,NaN,NaN,0.0,-0.5646287202835083,2.8787983417510983,1.3094886854161936,2.398269522190094,false,false,false,false,0,"Failed 2-vote rule (Got 0)"
36510347806548,NaN,NaN,0.0,-0.5279839038848877,3.44360408782959,1.461078271735628,2.8926414012908936,false,false,false,false,0,"Failed 2-vote rule (Got 0)"
36510357800937,NaN,NaN,0.0,-0.43587526679039,3.728852605819702,1.5364899056384294,3.140853214263916,false,false,false,false,0,"Failed 2-vote rule (Got 0)"
36510367795163,NaN,NaN,0.0,-0.28583526611328125,3.6550786077976225,1.562265090482742,3.098494625091553,false,false,false,false,0,"Failed 2-vote rule (Got 0)"
36510377789514,NaN,NaN,0.0,-0.027364857494831085,3.2640906751155856,1.568556665834272,2.8865317821502687,false,false,false,false,0,"Failed 2-vote rule (Got 0)"
36510387783779,NaN,NaN,0.0,0.25848913192749023,2.6334509909152986,1.5590389318417675,2.569811534881592,false,false,false,false,0,"Failed 2-vote rule (Got 0)"
36510607658718,NaN,NaN,0.0,-0.2070976197719574,2.5553714275360107,1.5362182344188478,2.410927987098694,false,false,false,false,0,"Failed 2-vote rule (Got 0)"
36510617652964,NaN,NaN,0.0,-0.1524270474910736,2.9209350764751436,1.6890495111089112,2.9057743310928346,false,false,false,false,0,"Failed 2-vote rule (Got 0)"
36510627647356,NaN,NaN,0.0,-0.1444747895002365,3.3253688991069796,1.7808092167545722,3.472436857223511,false,false,false,false,0,"Failed 2-vote rule (Got 0)"
36510637641586,NaN,NaN,0.0,-0.1734102964401245,3.6224114954471585,1.8823059022399633,4.016153144836426,false,true,false,false,1,"Failed 2-vote rule (Got 1)"
36510647635980,NaN,NaN,0.0,-0.1814393550157547,3.81806725859642,1.980937907373757,4.504868602752685,false,true,false,false,1,"Failed 2-vote rule (Got 1)"
36510657630226,NaN,NaN,0.0,-0.19802354276180267,3.8996086061000823,2.0283063287537693,4.890016078948975,false,true,false,false,1,"Failed 2-vote rule (Got 1)"
36510667624595,NaN,NaN,0.0,-0.24589776992797852,3.7860207557678223,2.038532679427462,5.0912322998046875,false,true,false,false,1,"Failed 2-vote rule (Got 1)"
36510677618826,NaN,NaN,0.0,-0.24590830504894257,3.431835985183716,2.0215883128693557,5.0626222610473635,false,true,false,false,1,"Failed 2-vote rule (Got 1)"
36510687613202,NaN,NaN,0.0,-0.14428174495697021,2.9269991874694825,1.9706503658622316,4.915366840362549,false,true,false,false,1,"Failed 2-vote rule (Got 1)"
36510697607656,NaN,NaN,0.0,-0.014710798859596252,2.2893294095993038,1.8737691941920258,4.700257396697998,false,true,false,false,1,"Failed 2-vote rule (Got 1)"
36510707601882,NaN,NaN,0.0,0.10955619812011719,1.526107096672058,1.7449439954971642,4.431881427764893,false,true,false,false,1,"Failed 2-vote rule (Got 1)"
36510717596267,NaN,NaN,0.0,0.2249877005815506,0.6899833679199219,1.606503006390515,4.162420225143433,false,true,false,false,1,"Failed 2-vote rule (Got 1)"
36510757573522,NaN,NaN,0.0,1.1944597959518433,2.654150915145874,1.303759161850735,2.4370813846588133,false,false,false,false,0,"Failed 2-vote rule (Got 0)"
36510767567748,NaN,NaN,0.0,1.4237555265426636,3.2630160808563233,1.398397851719618,1.7996061801910401,false,false,false,false,0,"Failed 2-vote rule (Got 0)"
36510777562117,NaN,NaN,0.0,1.3382959365844727,3.8717460155487062,1.6240519726980587,1.0436208248138428,false,false,false,false,0,"Failed 2-vote rule (Got 0)"
36510787556358,NaN,NaN,0.0,0.8906194567680359,4.67640299797058,2.08140410767109,0.023854398727416994,false,false,false,false,0,"Failed 2-vote rule (Got 0)"
36510797550718,NaN,NaN,0.0,0.1379915475845337,5.8285887956619264,2.7930767338410627,1.3967073678970336,true,false,false,false,1,"Failed 2-vote rule (Got 1)"
36510807544948,NaN,NaN,0.0,-0.6398259401321411,7.264734840393066,3.5563740093994602,3.1023146152496337,true,false,false,false,1,"Failed 2-vote rule (Got 1)"
36510817539335,NaN,NaN,0.0,-1.2001041173934937,8.693918323516845,4.1545986547600995,4.814761924743652,true,true,false,false,2,"Filtered: Sharp turning / cornering (|yaw| > 0.3)"
36510827533566,NaN,NaN,0.0,-1.2214313745498657,9.708855056762694,4.52309237732182,6.203822469711303,true,true,false,false,2,"Filtered: Sharp turning / cornering (|yaw| > 0.3)"
36510837527948,NaN,NaN,0.0,-0.700559675693512,9.990349221229554,4.696734030656281,6.9754537582397464,true,true,false,false,2,"Filtered: Sharp turning / cornering (|yaw| > 0.3)"
36510847522186,NaN,NaN,0.0,0.2550695240497589,9.472516012191772,4.737247581314111,7.035434627532959,true,true,false,false,2,"Filtered: Vision YOLO Rejected (No pothole in photo)"
36510857516655,NaN,NaN,0.0,1.1841193437576294,8.335600328445434,4.670874624065212,6.535994148254394,true,true,false,false,2,"Filtered: Sharp turning / cornering (|yaw| > 0.3)"
36510867511034,NaN,NaN,0.0,1.790069580078125,6.919743967056275,4.55009777198325,5.876123142242432,true,true,false,false,2,"Filtered: Sharp turning / cornering (|yaw| > 0.3)"
36510877505155,NaN,NaN,0.0,2.0261337757110596,5.398797464370728,4.415318300558513,5.37494306564331,true,true,false,false,2,"Filtered: Sharp turning / cornering (|yaw| > 0.3)"
36510887499397,NaN,NaN,0.0,1.920311689376831,3.795918726921081,4.270163939010438,5.192626094818115,false,true,false,false,1,"Failed 2-vote rule (Got 1)"
36510897493857,NaN,NaN,0.0,1.5152462720870972,2.1939520359039304,4.100859588067479,5.296266651153564,false,true,false,false,1,"Failed 2-vote rule (Got 1)"
36510907488212,NaN,NaN,0.0,0.9621227383613586,0.8155747413635259,3.8874530033532895,5.630336666107178,false,true,false,false,1,"Failed 2-vote rule (Got 1)"
36510917482463,NaN,NaN,0.0,0.5413117408752441,0.24553494453430158,3.595381439114956,5.958287525177002,false,true,false,false,1,"Failed 2-vote rule (Got 1)"
36510927476838,NaN,NaN,0.0,0.3004710078239441,1.0836564064025884,3.2255379857398876,5.891797351837158,false,true,false,false,1,"Failed 2-vote rule (Got 1)"
36510937471069,NaN,NaN,0.0,0.28130945563316345,1.5227891445159916,2.858356000053299,5.512645483016968,false,true,false,false,1,"Failed 2-vote rule (Got 1)"
36510947465439,NaN,NaN,0.0,0.3432549834251404,1.7704154014587399,2.5397884070258656,4.765578746795654,false,true,false,false,1,"Failed 2-vote rule (Got 1)"
36510967454085,NaN,NaN,0.0,0.3428613245487213,2.982007464766502,2.267871187991989,2.3929356008768083,false,false,false,false,0,"Failed 2-vote rule (Got 0)"
36510977448320,NaN,NaN,0.0,0.21840663254261017,3.811287954449653,2.3636576875824638,1.3813381403684617,false,false,false,false,0,"Failed 2-vote rule (Got 0)"
36510987442705,NaN,NaN,0.0,0.05151866003870964,4.8097112447023385,2.6170562151035415,0.4865554064512253,false,false,false,false,0,"Failed 2-vote rule (Got 0)"
36510997436922,NaN,NaN,0.0,-0.16824956238269806,5.8900278359651566,2.892147775871852,0.2596911698579788,true,false,false,false,1,"Failed 2-vote rule (Got 1)"
36511007431301,NaN,NaN,0.0,-0.4306098520755768,6.75025306046009,3.0568742633386807,0.7919655352830887,true,false,false,false,1,"Failed 2-vote rule (Got 1)"
36511017425741,NaN,NaN,0.0,-0.7154414057731628,7.057912987470626,3.120481187451283,1.1661156356334685,true,false,false,false,1,"Failed 2-vote rule (Got 1)"
36511027419972,NaN,NaN,0.0,-0.9304563999176025,7.015383577346801,3.1696357760116634,1.502738094329834,true,false,false,false,1,"Failed 2-vote rule (Got 1)"
36511037414361,NaN,NaN,0.0,-0.9640883803367615,6.66809778213501,3.268281090934448,1.9025190353393555,true,false,false,false,1,"Failed 2-vote rule (Got 1)"
36511047408578,NaN,NaN,0.0,-0.8745103478431702,6.0012492656707765,3.4044372155227207,2.358145332336426,true,false,false,false,1,"Failed 2-vote rule (Got 1)"
36511057403006,NaN,NaN,0.0,-0.7010118365287781,5.19364096224308,3.542826856049631,2.800705361366272,true,false,false,false,1,"Failed 2-vote rule (Got 1)"
36511067397223,NaN,NaN,0.0,-0.44609618186950684,4.652023908495903,3.655204950427353,3.2706857681274415,false,false,false,false,0,"Failed 2-vote rule (Got 0)"
36511077391621,NaN,NaN,0.0,-0.13631287217140198,4.226105949282647,3.7146538521401067,3.739550542831421,false,false,false,false,0,"Failed 2-vote rule (Got 0)"
36511087385852,NaN,NaN,0.0,0.14225104451179504,3.8588789671659467,3.68475660486709,4.118570137023926,false,true,false,false,1,"Failed 2-vote rule (Got 1)"
36511097380249,NaN,NaN,0.0,0.3710557222366333,3.6184404820203784,3.541804784204992,4.410406017303467,false,true,false,false,1,"Failed 2-vote rule (Got 1)"
36511107374475,NaN,NaN,0.0,0.5447428822517395,3.5269377052783963,3.2725657571027176,4.693053340911865,false,true,false,false,1,"Failed 2-vote rule (Got 1)"
36511117368857,NaN,NaN,0.0,0.5469816327095032,3.506124782562256,2.9274202479445988,5.00886287689209,false,true,false,false,1,"Failed 2-vote rule (Got 1)"
36511127363333,NaN,NaN,0.0,0.485293984413147,3.411932945251465,2.6662910221204714,5.31445198059082,false,true,false,false,1,"Failed 2-vote rule (Got 1)"
36511137357569,NaN,NaN,0.0,0.4040262699127197,3.246897315979004,2.4085862101466904,5.60504264831543,false,true,false,false,1,"Failed 2-vote rule (Got 1)"
36511147351724,NaN,NaN,0.0,0.3362768292427063,3.10476176738739,2.209090368663642,5.905467128753662,false,true,false,false,1,"Failed 2-vote rule (Got 1)"
36511157346114,NaN,NaN,0.0,0.3877737522125244,3.0100534439086917,2.1392909849206583,6.280739212036133,false,true,false,false,1,"Failed 2-vote rule (Got 1)"
36511167340583,NaN,NaN,0.0,0.6018397212028503,2.881431150436401,2.109817410015698,6.620981693267822,false,true,false,false,1,"Failed 2-vote rule (Got 1)"
36511177334825,NaN,NaN,0.0,0.9069797992706299,2.7399075508117674,2.0432093694751883,6.858477687835693,false,true,false,false,1,"Failed 2-vote rule (Got 1)"
36511187329229,NaN,NaN,0.0,1.0950071811676025,2.5200942993164057,1.9175972658962368,6.930500316619873,false,true,false,false,1,"Failed 2-vote rule (Got 1)"
36511197323453,NaN,NaN,0.0,0.9320595264434814,1.9342286109924318,1.7508997322727904,6.627281951904297,false,true,false,false,1,"Failed 2-vote rule (Got 1)"
36511207317840,NaN,NaN,0.0,0.42965513467788696,0.6535178184509274,1.694668660474029,5.662380695343018,false,true,false,false,1,"Failed 2-vote rule (Got 1)"
36511217312059,NaN,NaN,0.0,-0.19958774745464325,1.1841270267963404,1.9215313919566528,4.13032495379448,false,true,false,false,1,"Failed 2-vote rule (Got 1)"
36511227306460,NaN,NaN,0.0,-0.8640258312225342,3.3101432621479034,2.3658640463801817,2.2948993861675264,false,false,false,false,0,"Failed 2-vote rule (Got 0)"
36511237300686,NaN,NaN,0.0,-1.3697800636291504,5.58227351307869,2.9137508291743646,0.3231936156749725,true,false,false,false,1,"Failed 2-vote rule (Got 1)"
36511247295070,NaN,NaN,0.0,-1.459545612335205,7.850680476427079,3.4838862433135667,1.5699412643909454,true,false,false,false,1,"Failed 2-vote rule (Got 1)"
36511257289306,NaN,NaN,0.0,-1.1580907106399536,9.7489628136158,4.031652495171133,3.1279811203479766,true,false,false,false,1,"Failed 2-vote rule (Got 1)"
36511267283761,NaN,NaN,0.0,-0.6563335657119751,11.204140996932983,4.5463112195471345,4.34566330909729,true,true,false,false,2,"Filtered: Sharp turning / cornering (|yaw| > 0.3)"
36511277278145,NaN,NaN,0.0,-0.2073633372783661,12.312763166427612,5.0272366116812535,5.38226284980774,true,true,true,false,3,"Filtered: Vision YOLO Rejected (No pothole in photo)"
36511287272347,NaN,NaN,0.0,0.10833293199539185,12.835291957855224,5.422074386069729,6.208010005950928,true,true,true,false,3,"Filtered: Vision YOLO Rejected (No pothole in photo)"
36511297266751,NaN,NaN,0.0,0.16899257898330688,12.38926191329956,5.68645189336529,6.726881217956543,true,true,true,false,3,"Filtered: Vision YOLO Rejected (No pothole in photo)"
36511307260982,NaN,NaN,0.0,-0.052777811884880066,11.087024706602097,5.834440171207145,6.9566997528076175,true,true,true,false,3,"Filtered: Vision YOLO Rejected (No pothole in photo)"
36511317255359,NaN,NaN,0.0,-0.37483876943588257,9.203969877958297,5.87102403186512,6.9090704917907715,true,true,true,false,3,"Filtered: Sharp turning / cornering (|yaw| > 0.3)"
36511327249590,NaN,NaN,0.0,-0.645007848739624,6.861854523420334,5.802411710189626,6.538660907745362,true,true,true,false,3,"Filtered: Sharp turning / cornering (|yaw| > 0.3)"
36511337243975,NaN,NaN,0.0,-0.8025998473167419,4.348945969343185,5.6358962001580934,5.9188872337341305,false,true,true,false,2,"Filtered: Sharp turning / cornering (|yaw| > 0.3)"
36511347238434,NaN,NaN,0.0,-0.8287442922592163,2.1598215758800507,5.377003691315172,5.287802696228027,false,true,true,false,2,"Filtered: Hard braking / acceleration"
36511357232669,NaN,NaN,0.0,-0.7578158378601074,0.4030120372772217,4.989477677122785,4.748675346374512,false,true,false,false,1,"Failed 2-vote rule (Got 1)"
36511367227050,NaN,NaN,0.0,-0.7161511778831482,1.1594323158264164,4.467471798205489,4.222830533981323,false,true,false,false,1,"Failed 2-vote rule (Got 1)"
36511377221270,NaN,NaN,0.0,-0.728611409664154,2.524446392059326,3.838731518485542,3.6835636138916015,false,false,false,false,0,"Failed 2-vote rule (Got 0)"
36511387215660,NaN,NaN,0.0,-0.8422789573669434,3.5042937755584718,3.133499021918622,3.2225874423980714,false,false,false,false,0,"Failed 2-vote rule (Got 0)"
36511397209878,NaN,NaN,0.0,-1.06128990650177,4.140457487106324,2.465278992339463,2.8162422657012938,false,false,false,false,0,"Failed 2-vote rule (Got 0)"
36511407204273,NaN,NaN,0.0,-1.1647990942001343,4.56737105846405,2.0743467225393575,2.3416994333267214,false,false,false,false,0,"Failed 2-vote rule (Got 0)"
36511417198508,NaN,NaN,0.0,-1.118496298789978,4.732382035255433,2.0240761829495275,1.8062788724899292,false,false,false,false,0,"Failed 2-vote rule (Got 0)"
36511427192898,NaN,NaN,0.0,-0.9689551591873169,4.677999520301818,2.197108732532588,1.240887713432312,false,false,false,false,0,"Failed 2-vote rule (Got 0)"
36511437187367,NaN,NaN,0.0,-0.7836339473724365,4.714728927612304,2.494395487271927,0.5730737686157227,false,false,false,false,0,"Failed 2-vote rule (Got 0)"
36511447181611,NaN,NaN,0.0,-0.6346738934516907,5.0016679763793945,2.830250890300676,0.2529926300048828,true,false,false,false,1,"Failed 2-vote rule (Got 1)"
36511457175996,NaN,NaN,0.0,-0.4844566881656647,5.449126887321472,3.1741999131484055,1.226296353340149,true,false,false,false,1,"Failed 2-vote rule (Got 1)"
36511467170256,NaN,NaN,0.0,-0.2907545566558838,5.919729447364807,3.4770167561987178,2.2361658334732057,true,false,false,false,1,"Failed 2-vote rule (Got 1)"
36511477164631,NaN,NaN,0.0,-0.119096539914608,6.389876961708069,3.6749264987475194,3.1672895193099975,true,false,false,false,1,"Failed 2-vote rule (Got 1)"
36511487158868,NaN,NaN,0.0,0.00440620630979538,6.700119972229004,3.744644615762514,3.88387770652771,true,false,false,false,1,"Failed 2-vote rule (Got 1)"
36511497153261,NaN,NaN,0.0,0.035802341997623444,6.722332644462585,3.737503777239473,4.380633211135864,true,true,false,false,2,"Filtered: Vision YOLO Rejected (No pothole in photo)"
36511507147478,NaN,NaN,0.0,-0.1262967884540558,6.422064280509948,3.6668244605913007,4.615785408020019,true,true,false,false,2,"Filtered: Vision YOLO Rejected (No pothole in photo)"
36511517141862,NaN,NaN,0.0,-0.27525120973587036,5.776217007637024,3.5203064905121764,4.535329294204712,true,true,false,false,2,"Filtered: Vision YOLO Rejected (No pothole in photo)"
36511527136080,NaN,NaN,0.0,-0.3999672830104828,4.924220705032349,3.365732669216786,4.351146936416626,false,true,false,false,1,"Failed 2-vote rule (Got 1)"
36511537130465,NaN,NaN,0.0,-0.5374694466590881,3.964220857620239,3.2369118027008326,4.217213487625122,false,true,false,false,1,"Failed 2-vote rule (Got 1)"
36511547124681,NaN,NaN,0.0,-0.5482500791549683,2.9119620561599735,3.092175366491762,4.138258409500122,false,true,false,false,1,"Failed 2-vote rule (Got 1)"
36511557119136,NaN,NaN,0.0,-0.6016775965690613,1.8888513803482052,2.890704484272686,4.125017213821411,false,true,false,false,1,"Failed 2-vote rule (Got 1)"
36511567113530,NaN,NaN,0.0,-0.6366844773292542,1.1173546075820924,2.6690947121244197,4.28464412689209,false,true,false,false,1,"Failed 2-vote rule (Got 1)"
36511577107760,NaN,NaN,0.0,-0.6427565813064575,0.6075571537017819,2.466487774847638,4.491434860229492,false,true,false,false,1,"Failed 2-vote rule (Got 1)"
36511587102121,NaN,NaN,0.0,-0.5357680916786194,0.298762941360474,2.256136140427066,4.679396152496338,false,true,false,false,1,"Failed 2-vote rule (Got 1)"
36511597096349,NaN,NaN,0.0,-0.30618202686309814,0.24564800262451225,1.9896969083455303,4.861433410644532,false,true,false,false,1,"Failed 2-vote rule (Got 1)"
36511607090744,NaN,NaN,0.0,-0.1421709805727005,0.44720549583435076,1.6596773980812487,4.982534790039063,false,true,false,false,1,"Failed 2-vote rule (Got 1)"
36511617084969,NaN,NaN,0.0,-0.181076318025589,0.5001792907714844,1.2942121579787482,4.85132622718811,false,true,false,false,1,"Failed 2-vote rule (Got 1)"
36511627079405,NaN,NaN,0.0,-0.3419385850429535,0.11993827819824254,1.0324313658645947,4.337151765823364,false,true,false,false,1,"Failed 2-vote rule (Got 1)"
36511657062405,NaN,NaN,0.0,0.2994896173477173,2.741159975528717,1.5534955455632913,1.5434841513633728,false,false,false,false,0,"Failed 2-vote rule (Got 0)"
36511667056648,NaN,NaN,0.0,0.8781371116638184,3.6952281951904293,1.7308308322455255,0.7962066650390625,false,false,false,false,0,"Failed 2-vote rule (Got 0)"
36511677051027,NaN,NaN,0.0,1.1176162958145142,4.6512328624725345,2.0307346570200933,0.02816329002380371,false,false,false,false,0,"Failed 2-vote rule (Got 0)"
36511687045272,NaN,NaN,0.0,1.1398756504058838,5.695370054244996,2.4234785754116968,0.8339366436004638,true,false,false,false,1,"Failed 2-vote rule (Got 1)"
36511697039738,NaN,NaN,0.0,0.22263558208942413,7.03503143787384,3.0422919612782255,2.052496647834778,true,false,false,false,1,"Failed 2-vote rule (Got 1)"
36511707034122,NaN,NaN,0.0,-0.8439459800720215,8.392265832424163,3.6947925700843935,3.5409396052360536,true,false,false,false,1,"Failed 2-vote rule (Got 1)"
36511717028367,NaN,NaN,0.0,-1.4535409212112427,9.126365900039673,4.025276090352395,4.789214134216309,true,true,false,false,2,"Filtered: Sharp turning / cornering (|yaw| > 0.3)"
36511727022738,NaN,NaN,0.0,-0.9784093499183655,8.966509771347045,4.167146501050881,5.395112752914429,true,true,false,false,2,"Filtered: Sharp turning / cornering (|yaw| > 0.3)"
36511737016971,NaN,NaN,0.0,0.32745563983917236,8.049153304100036,4.1950311238677385,5.466869831085205,true,true,false,false,2,"Filtered: Sharp turning / cornering (|yaw| > 0.3)"
36511747011340,NaN,NaN,0.0,1.6797276735305786,6.562766492366791,4.189141699996813,5.019282341003418,true,true,false,false,2,"Filtered: Sharp turning / cornering (|yaw| > 0.3)"
36511757005586,NaN,NaN,0.0,2.5538856983184814,5.102993774414062,4.157399837827784,4.306787109375,true,true,false,false,2,"Filtered: Sharp turning / cornering (|yaw| > 0.3)"
36511767000075,NaN,NaN,0.0,2.6107592582702637,3.9997233867645265,4.07809052376922,3.9715600967407227,false,true,false,false,1,"Failed 2-vote rule (Got 1)"
36511776994462,NaN,NaN,0.0,2.1398205757141113,3.181424379348755,3.943179396795781,4.015361022949219,false,true,false,false,1,"Failed 2-vote rule (Got 1)"
36511786988608,NaN,NaN,0.0,1.418060064315796,2.3320091962814327,3.750261626330407,4.384505844116211,false,true,false,false,1,"Failed 2-vote rule (Got 1)"
36511796982836,NaN,NaN,0.0,0.5780047178268433,1.1609865307807925,3.45432902941319,4.701926136016846,false,true,false,false,1,"Failed 2-vote rule (Got 1)"
36511806977307,NaN,NaN,0.0,-0.32975345849990845,0.10686311721801722,3.029607917403018,4.682351016998291,false,true,false,false,1,"Failed 2-vote rule (Got 1)"
36511816971672,NaN,NaN,0.0,-1.013100504875183,1.1338193893432615,2.6121483239403527,4.261293363571167,false,true,false,false,1,"Failed 2-vote rule (Got 1)"
36511846954733,NaN,NaN,0.0,-0.46264469623565674,2.8180974364280695,2.2231821123446736,1.4886896729469299,false,false,false,false,0,"Failed 2-vote rule (Got 0)"
36511856948964,NaN,NaN,0.0,-0.14515411853790283,3.43643559217453,2.30213405835931,0.5351245045661926,false,false,false,false,0,"Failed 2-vote rule (Got 0)"
36511866943339,NaN,NaN,0.0,0.12053892016410828,4.116394436359406,2.361943758835007,0.10103341341018676,false,false,false,false,0,"Failed 2-vote rule (Got 0)"
36511876937564,NaN,NaN,0.0,0.32348304986953735,5.044075405597686,2.548996362103846,0.6595695614814758,true,false,false,false,1,"Failed 2-vote rule (Got 1)"
36511886931965,NaN,NaN,0.0,0.3847634196281433,5.899798703193665,2.786291177950094,1.197872567176819,true,false,false,false,1,"Failed 2-vote rule (Got 1)"
36511896926194,NaN,NaN,0.0,0.172638937830925,6.29271833896637,2.9443793549202493,1.6103673219680785,true,false,false,false,1,"Failed 2-vote rule (Got 1)"
36511906920570,NaN,NaN,0.0,-0.21927475929260254,6.405133461952209,2.957128582738839,2.1438400983810424,true,false,false,false,1,"Failed 2-vote rule (Got 1)"
36511916914816,NaN,NaN,0.0,-0.8498722910881042,6.4047102451324465,3.0900762515595566,2.8197991371154787,true,false,false,false,1,"Failed 2-vote rule (Got 1)"
36511926909206,NaN,NaN,0.0,-1.1126716136932373,6.0318246483802795,3.2237328857382135,3.3754279136657717,true,false,false,false,1,"Failed 2-vote rule (Got 1)"
36511936903660,NaN,NaN,0.0,-0.8615745306015015,5.42920891046524,3.4030381071134204,3.9405192375183105,true,true,false,false,2,"Filtered: Sharp turning / cornering (|yaw| > 0.3)"
36511946897886,NaN,NaN,0.0,-0.4228819012641907,4.885327732563019,3.5065666045389845,4.350203227996826,false,true,false,false,1,"Failed 2-vote rule (Got 1)"
36511956892271,NaN,NaN,0.0,0.20389916002750397,4.2255461573600765,3.4575496749784245,4.326579570770264,false,true,false,false,1,"Failed 2-vote rule (Got 1)"
36511966886499,NaN,NaN,0.0,0.6017367243766785,3.553295361995697,3.3660500267927307,4.212864923477173,false,true,false,false,1,"Failed 2-vote rule (Got 1)"
36511976880883,NaN,NaN,0.0,0.3119679093360901,3.1255355119705204,3.231731726074716,4.323408079147339,false,true,false,false,1,"Failed 2-vote rule (Got 1)"
36511986875109,NaN,NaN,0.0,-0.018290862441062927,2.6387958765029906,2.9464190534751795,4.249163198471069,false,true,false,false,1,"Failed 2-vote rule (Got 1)"
36511996869584,NaN,NaN,0.0,-0.14844733476638794,2.1220711469650273,2.5647603152848175,4.26591124534607,false,true,false,false,1,"Failed 2-vote rule (Got 1)"
36512006863963,NaN,NaN,0.0,-0.2241024374961853,1.8839627742767329,2.246437766196804,4.703761911392212,false,true,false,false,1,"Failed 2-vote rule (Got 1)"
36512016858170,NaN,NaN,0.0,-0.42843735218048096,1.554667282104492,1.9989742259514571,4.930095195770264,false,true,false,false,1,"Failed 2-vote rule (Got 1)"
36512026852552,NaN,NaN,0.0,-1.029773473739624,0.9584544181823733,1.7560350765251649,4.898973655700684,false,true,false,false,1,"Failed 2-vote rule (Got 1)"
36512036846782,NaN,NaN,0.0,-1.4703456163406372,0.3115859985351559,1.5075750584526857,4.661789226531982,false,true,false,false,1,"Failed 2-vote rule (Got 1)"
36512046841167,NaN,NaN,0.0,-1.1392102241516113,0.4011209964752198,1.4625041388058997,3.925458574295044,false,true,false,false,1,"Failed 2-vote rule (Got 1)"
36512066829852,NaN,NaN,0.0,-0.6433351635932922,3.028063714504242,1.960331552096596,1.2953443646430969,false,false,false,false,0,"Failed 2-vote rule (Got 0)"
36512076824228,NaN,NaN,0.0,-0.9933987259864807,4.967353951931,2.7180444110824125,0.7181907534599304,false,false,false,false,0,"Failed 2-vote rule (Got 0)"
36512086818484,NaN,NaN,0.0,-1.6367695331573486,6.843314397335053,3.3414887931436215,2.577403151988983,true,false,false,false,1,"Failed 2-vote rule (Got 1)"
36512096812874,NaN,NaN,0.0,-2.163146495819092,8.885111129283905,3.9202842719372457,4.181349217891693,true,true,false,false,2,"Filtered: Sharp turning / cornering (|yaw| > 0.3)"
36512106807114,NaN,NaN,0.0,-2.1043355464935303,10.49822416305542,4.4113781243761565,5.568128967285157,true,true,false,false,2,"Filtered: Sharp turning / cornering (|yaw| > 0.3)"
36512116801574,NaN,NaN,0.0,-1.616012692451477,11.654448127746583,4.834645191255737,6.755474472045899,true,true,false,false,2,"Filtered: Sharp turning / cornering (|yaw| > 0.3)"
36512126795963,NaN,NaN,0.0,-1.0916931629180908,12.283284282684326,5.29722971635988,7.621495056152344,true,true,true,false,3,"Filtered: Sharp turning / cornering (|yaw| > 0.3)"
36512136790198,NaN,NaN,0.0,-0.36681804060935974,12.44079623222351,5.6602671591691305,8.515337657928466,true,true,true,false,3,"Filtered: Sharp turning / cornering (|yaw| > 0.3)"
36512146784580,NaN,NaN,0.0,0.36412572860717773,11.62445832490921,5.792732086827318,8.901403903961182,true,true,true,false,3,"Filtered: Sharp turning / cornering (|yaw| > 0.3)"
36512156778816,NaN,NaN,0.0,0.579462468624115,10.178966534137725,5.835791081749003,8.883622169494629,true,true,true,false,3,"Filtered: Sharp turning / cornering (|yaw| > 0.3)"
36512166773200,NaN,NaN,0.0,0.4590812027454376,8.030697643756866,5.816809448836771,8.748888397216797,true,true,true,false,3,"Filtered: Sharp turning / cornering (|yaw| > 0.3)"
36512176767650,NaN,NaN,0.0,0.06843939423561096,5.692862331867218,5.677183665791897,8.270265483856202,true,true,true,false,3,"Filtered: Vision YOLO Rejected (No pothole in photo)"
36512186761809,NaN,NaN,0.0,-0.2586468458175659,3.0877985596656803,5.432337771885483,7.269147777557373,false,true,true,false,2,"Filtered: Vision YOLO Rejected (No pothole in photo)"
36512196756270,NaN,NaN,0.0,-0.6328353881835938,0.11579020023345876,5.1315750924078385,5.683919167518615,false,true,true,false,2,"Filtered: Hard braking / acceleration"
36512206750511,NaN,NaN,0.0,-0.898506224155426,2.604343128204346,4.774695266821536,4.151131343841553,false,true,false,false,1,"Failed 2-vote rule (Got 1)"
36512216744905,NaN,NaN,0.0,-0.9944397211074829,5.479503774642945,4.578843021360321,2.1419912815093993,true,false,false,false,1,"Failed 2-vote rule (Got 1)"
36512226739138,NaN,NaN,0.0,-0.9865598678588867,8.400257158279418,4.416262921964324,0.11508049964904785,true,false,false,false,1,"Failed 2-vote rule (Got 1)"
36512236733527,NaN,NaN,0.0,-0.913442850112915,10.49519748687744,4.398126565084631,1.5937935829162597,true,false,false,false,1,"Failed 2-vote rule (Got 1)"
36512246728002,NaN,NaN,0.0,-0.8414613008499146,11.535757088661194,4.64797050266748,2.652134919166565,true,false,false,false,1,"Failed 2-vote rule (Got 1)"
36512256722229,NaN,NaN,0.0,-0.8310270309448242,12.345452976226806,5.004621306155275,3.5965645790100096,true,false,true,false,2,"Filtered: Sharp turning / cornering (|yaw| > 0.3)"
36512266716613,NaN,NaN,0.0,-0.9239867925643921,12.315855646133423,5.336016376890023,4.045590162277222,true,true,true,false,3,"Filtered: Sharp turning / cornering (|yaw| > 0.3)"
36512276710831,NaN,NaN,0.0,-1.0148903131484985,11.743759012222291,5.606880050068539,4.474611234664917,true,true,true,false,3,"Filtered: Sharp turning / cornering (|yaw| > 0.3)"
36512286705291,NaN,NaN,0.0,-1.031597375869751,10.57233374118805,5.824257040683744,4.888414573669434,true,true,true,false,3,"Filtered: Sharp turning / cornering (|yaw| > 0.3)"
36512296699661,NaN,NaN,0.0,-0.9256303906440735,9.238378810882569,5.960958224259844,5.087247467041015,true,true,true,false,3,"Filtered: Sharp turning / cornering (|yaw| > 0.3)"
36512306693901,NaN,NaN,0.0,-0.8900313377380371,7.314060068130493,6.010185824091143,5.172068786621094,true,true,true,false,3,"Filtered: Sharp turning / cornering (|yaw| > 0.3)"
36512316688286,NaN,NaN,0.0,-0.8548701405525208,5.528411054611206,5.96846143121337,5.413330554962158,true,true,true,false,3,"Filtered: Sharp turning / cornering (|yaw| > 0.3)"
36512326682516,NaN,NaN,0.0,-0.7846242785453796,4.04012393951416,5.708281234309241,5.63391752243042,false,true,true,false,2,"Filtered: Sharp turning / cornering (|yaw| > 0.3)"
36512336676918,NaN,NaN,0.0,-0.6224434971809387,2.971937918663025,5.215861602854904,5.62407283782959,false,true,true,false,2,"Filtered: Sharp turning / cornering (|yaw| > 0.3)"
36512346671149,NaN,NaN,0.0,-0.46683207154273987,1.9160212516784672,4.735433113600118,5.512585830688477,false,true,false,false,1,"Failed 2-vote rule (Got 1)"
36512356665613,NaN,NaN,0.0,-0.4539497196674347,1.2258648395538332,4.2617357987597675,5.271455001831055,false,true,false,false,1,"Failed 2-vote rule (Got 1)"
36512366660007,NaN,NaN,0.0,-0.682564377784729,0.9229423999786377,3.6861133320719763,5.397553634643555,false,true,false,false,1,"Failed 2-vote rule (Got 1)"
36512376654238,NaN,NaN,0.0,-0.8539278507232666,0.7638961791992189,2.8826601093835142,5.652310752868653,false,true,false,false,1,"Failed 2-vote rule (Got 1)"
36512386648654,NaN,NaN,0.0,-0.7125886678695679,1.0893440246582031,2.0668008728250564,6.176591491699218,false,true,false,false,1,"Failed 2-vote rule (Got 1)"
36512396642884,NaN,NaN,0.0,-0.27602678537368774,1.6261711120605469,1.7858006817003504,6.798239898681641,false,true,false,false,1,"Failed 2-vote rule (Got 1)"
36512406637344,NaN,NaN,0.0,0.13126316666603088,2.1761000633239744,1.5766628759545462,7.589430618286133,false,true,false,false,1,"Failed 2-vote rule (Got 1)"
36512416631729,NaN,NaN,0.0,0.520377516746521,1.9381207466125483,1.4525957795632112,7.572038269042968,false,true,false,false,1,"Failed 2-vote rule (Got 1)"
36512426625942,NaN,NaN,0.0,0.806308925151825,1.2798349380493166,1.356053155429751,6.903907775878906,false,true,false,false,1,"Failed 2-vote rule (Got 1)"
36512436620316,NaN,NaN,0.0,1.1082520484924316,0.2728568077087399,1.4570716867841471,5.785442638397217,false,true,false,false,1,"Failed 2-vote rule (Got 1)"
36512446614767,NaN,NaN,0.0,1.264190435409546,0.3233391761779787,1.4893789611202672,4.948115825653076,false,true,false,false,1,"Failed 2-vote rule (Got 1)"
36512456609011,NaN,NaN,0.0,1.0440667867660522,0.6092638969421387,1.5391820846741766,4.788289737701416,false,true,false,false,1,"Failed 2-vote rule (Got 1)"
36512466603396,NaN,NaN,0.0,0.24843275547027588,1.1551037788391119,1.5319792982671794,4.497206974029541,false,true,false,false,1,"Failed 2-vote rule (Got 1)"
36512476597608,NaN,NaN,0.0,-0.25502216815948486,3.231110572814941,2.5845841979690634,2.9454809188842774,false,false,false,false,0,"Failed 2-vote rule (Got 0)"
36512486592008,NaN,NaN,0.0,-0.11711263656616211,7.467489814758301,5.290917477630662,0.6692499160766602,true,false,true,false,2,"Filtered: Vision YOLO Rejected (No pothole in photo)"
36512496586445,NaN,NaN,0.0,0.26525652408599854,14.185070419311522,8.406307725202485,6.59563980102539,true,true,true,false,3,"Filtered: Vision YOLO Rejected (No pothole in photo)"
36512506580666,NaN,NaN,0.0,0.7001392245292664,22.37404098510742,11.492103867221145,14.802002716064454,true,true,true,false,3,"Filtered: Sharp turning / cornering (|yaw| > 0.3)"
36512516575036,NaN,NaN,0.0,1.1507776975631714,30.443438720703124,14.243426514435994,23.539530944824218,true,true,true,false,3,"Filtered: Sharp turning / cornering (|yaw| > 0.3)"
36512526569249,NaN,NaN,0.0,1.3246246576309204,36.855193805694576,16.56064496428095,31.069751167297362,true,true,true,false,3,"Filtered: Sharp turning / cornering (|yaw| > 0.3)"
36512536563634,NaN,NaN,0.0,1.2362048625946045,41.55426893234253,18.519577930175423,36.606153106689455,true,true,true,false,3,"Filtered: Sharp turning / cornering (|yaw| > 0.3)"
36512546558079,NaN,NaN,0.0,1.5271611213684082,44.63246622085572,19.872253078126864,39.8441764831543,true,true,true,false,3,"Filtered: Sharp turning / cornering (|yaw| > 0.3)"
36512556552310,NaN,NaN,0.0,2.2278876304626465,44.683985233306885,20.443664709423448,40.18677825927735,true,true,true,false,3,"Filtered: Sharp turning / cornering (|yaw| > 0.3)"
36512566546695,NaN,NaN,0.0,2.861102342605591,40.66316165924072,20.307809968983097,37.71768074035644,true,true,true,false,3,"Filtered: Sharp turning / cornering (|yaw| > 0.3)"
36512576540928,NaN,NaN,0.0,3.1013574600219727,32.19615573883057,19.82347810123853,32.86540565490723,true,true,true,false,3,"Filtered: Sharp turning / cornering (|yaw| > 0.3)"
36512586535321,NaN,NaN,0.0,2.947904109954834,19.483253479003906,19.243038883301615,26.0788932800293,true,true,true,false,3,"Filtered: Sharp turning / cornering (|yaw| > 0.3)"
36512596529562,NaN,NaN,0.0,2.643982172012329,3.8042717933654764,18.697410283373728,18.60627450942993,false,true,true,false,2,"Filtered: Sharp turning / cornering (|yaw| > 0.3)"
36512606524022,NaN,NaN,0.0,2.3395867347717285,11.603219604492187,18.187495259050984,11.936311340332031,true,true,true,false,3,"Filtered: Sharp turning / cornering (|yaw| > 0.3)"
36512616518400,NaN,NaN,0.0,2.0094478130340576,24.499115467071533,17.868593869685533,6.57063570022583,true,true,true,false,3,"Filtered: Sharp turning / cornering (|yaw| > 0.3)"
36512626512631,NaN,NaN,0.0,1.7330539226531982,34.188182544708255,17.847484542666,2.417970561981201,true,false,true,false,2,"Filtered: Sharp turning / cornering (|yaw| > 0.3)"
36512636507103,NaN,NaN,0.0,1.533322811126709,40.80337457656861,18.1350159278147,0.9591980934143066,true,false,true,false,2,"Filtered: Sharp turning / cornering (|yaw| > 0.3)"
36512646501477,NaN,NaN,0.0,1.4393236637115479,44.12239513397217,18.52828712480813,3.935616874694824,true,true,true,false,3,"Filtered: Sharp turning / cornering (|yaw| > 0.3)"
36512656495660,NaN,NaN,0.0,1.3963344097137451,44.63804731369018,18.90304567646064,6.92036657333374,true,true,true,false,3,"Filtered: Sharp turning / cornering (|yaw| > 0.3)"
36512666490098,NaN,NaN,0.0,1.260601282119751,42.71184959411622,19.55839485427505,9.846443939208985,true,true,true,false,3,"Filtered: Sharp turning / cornering (|yaw| > 0.3)"
36512676484340,NaN,NaN,0.0,0.9931279420852661,38.750154685974124,20.67407559273444,12.671261405944824,true,true,true,false,3,"Filtered: Sharp turning / cornering (|yaw| > 0.3)"
36512686478809,NaN,NaN,0.0,0.697993814945221,33.8845046043396,21.92293700972798,15.278230094909668,true,true,true,false,3,"Filtered: Sharp turning / cornering (|yaw| > 0.3)"
36512696472965,NaN,NaN,0.0,0.6777845621109009,29.74304599761963,22.89110177894358,17.8067346572876,true,true,true,false,3,"Filtered: Sharp turning / cornering (|yaw| > 0.3)"
36512706467443,NaN,NaN,0.0,0.7232201099395752,26.709869098663333,23.303217034256384,20.1392333984375,true,true,true,false,3,"Filtered: Sharp turning / cornering (|yaw| > 0.3)"
36512716461830,NaN,NaN,0.0,0.6785876750946045,24.73194761276245,23.081346555794216,22.31397705078125,true,true,true,false,3,"Filtered: Sharp turning / cornering (|yaw| > 0.3)"
36512726456066,NaN,NaN,0.0,0.7135350704193115,23.330769634246824,22.219261294182992,24.289967727661132,true,true,true,false,3,"Filtered: Sharp turning / cornering (|yaw| > 0.3)"
36512736450456,NaN,NaN,0.0,0.6158285140991211,22.04904766082764,20.590440507358647,25.984664535522462,true,true,true,false,3,"Filtered: Sharp turning / cornering (|yaw| > 0.3)"
36512746444901,NaN,NaN,0.0,0.24943807721138,20.522189807891845,18.411252665404092,27.442556381225586,true,true,true,false,3,"Filtered: Vision YOLO Rejected (No pothole in photo)"
36512756439127,NaN,NaN,0.0,-0.3421615660190582,18.994443130493163,16.262904002746875,28.84088706970215,true,true,true,false,3,"Filtered: Sharp turning / cornering (|yaw| > 0.3)"
36512766433512,NaN,NaN,0.0,-0.9445706605911255,17.466408348083498,14.486551053210773,30.13766975402832,true,true,true,false,3,"Filtered: Sharp turning / cornering (|yaw| > 0.3)"
36512776427739,NaN,NaN,0.0,-1.4554507732391357,15.927495765686034,13.154606581668817,31.205725860595702,true,true,true,false,3,"Filtered: Sharp turning / cornering (|yaw| > 0.3)"
36512786422204,NaN,NaN,0.0,-1.6718547344207764,14.153906059265136,12.14605929640788,31.960640716552735,true,true,true,false,3,"Filtered: Sharp turning / cornering (|yaw| > 0.3)"
36512796416604,NaN,NaN,0.0,-1.4248523712158203,12.2,11.24031554576107,32.3392333984375,true,true,true,false,3,"Filtered: Sharp turning / cornering (|yaw| > 0.3)"
36512806410834,NaN,NaN,0.0,-1.1376780271530151,9.675404357910157,10.171701549271013,31.989381408691408,true,true,true,false,3,"Filtered: Sharp turning / cornering (|yaw| > 0.3)"
36512816405231,NaN,NaN,0.0,-1.0317161083221436,6.538505172729494,8.947295682551713,30.828472900390626,true,true,true,false,3,"Filtered: Sharp turning / cornering (|yaw| > 0.3)"
36512826399690,NaN,NaN,0.0,-0.9227719306945801,3.048007202148437,7.717736791663131,29.0326717376709,false,true,true,false,2,"Filtered: Sharp turning / cornering (|yaw| > 0.3)"
36512836393906,NaN,NaN,0.0,-0.9047447443008423,0.7687175750732429,6.722845635877534,26.673838806152343,false,true,true,false,2,"Filtered: Hard braking / acceleration"
36512846388301,NaN,NaN,0.0,-1.1241774559020996,4.916600799560548,6.031528977653309,23.9242862701416,false,true,true,false,2,"Filtered: Sharp turning / cornering (|yaw| > 0.3)"
36512856382519,NaN,NaN,0.0,-1.452480673789978,9.02712593078613,5.766280452503984,21.11054382324219,true,true,true,false,3,"Filtered: Sharp turning / cornering (|yaw| > 0.3)"
36512866376884,NaN,NaN,0.0,-1.6767380237579346,12.928375816345213,6.021976143724376,18.27735004425049,true,true,true,false,3,"Filtered: Sharp turning / cornering (|yaw| > 0.3)"
36512876371344,NaN,NaN,0.0,-1.62430739402771,17.270115184783936,7.196108163041491,14.690525531768799,true,true,true,false,3,"Filtered: Sharp turning / cornering (|yaw| > 0.3)"
36512886365565,NaN,NaN,0.0,-1.163964867591858,22.79157934188843,9.671166320596777,9.547654056549073,true,true,true,false,3,"Filtered: Sharp turning / cornering (|yaw| > 0.3)"
36512896359956,NaN,NaN,0.0,-0.4906802177429199,29.741958522796633,13.282383841807496,2.2474228858947756,true,false,true,false,2,"Filtered: Sharp turning / cornering (|yaw| > 0.3)"
36512906354416,NaN,NaN,0.0,0.1387697458267212,38.419465923309325,17.83011376459023,7.590993022918701,true,true,true,false,3,"Filtered: Vision YOLO Rejected (No pothole in photo)"
36512916348637,NaN,NaN,0.0,0.5493738651275635,48.14203577041626,22.461072550502564,19.10936403274536,true,true,true,false,3,"Filtered: Sharp turning / cornering (|yaw| > 0.3)"
36512926343007,NaN,NaN,0.0,0.811851978302002,57.03178443908691,26.35760772694099,30.35794563293457,true,true,true,false,3,"Filtered: Sharp turning / cornering (|yaw| > 0.3)"
36512936337240,NaN,NaN,0.0,0.8544332981109619,63.585076904296876,29.314101819210347,39.660790634155276,true,true,true,false,3,"Filtered: Sharp turning / cornering (|yaw| > 0.3)"
36512946331686,NaN,NaN,0.0,0.185510516166687,67.75795440673829,31.576427579397254,46.6474105834961,true,true,true,false,3,"Filtered: Vision YOLO Rejected (No pothole in photo)"
36512956326060,NaN,NaN,0.0,-0.7399636507034302,69.06649188995362,33.16922217742528,50.78914184570313,true,true,true,false,3,"Filtered: Sharp turning / cornering (|yaw| > 0.3)"
36512966320296,NaN,NaN,0.0,-0.9826369285583496,67.12971925735474,34.04480567797392,52.43919372558594,true,true,true,false,3,"Filtered: Sharp turning / cornering (|yaw| > 0.3)"
36512976314668,NaN,NaN,0.0,-1.0480372905731201,60.93214197158813,33.87194774179666,51.38448791503906,true,true,true,false,3,"Filtered: Sharp turning / cornering (|yaw| > 0.3)"
36512986309132,NaN,NaN,0.0,-1.298020362854004,49.9501877784729,32.802951043549086,47.702764892578124,true,true,true,false,3,"Filtered: Sharp turning / cornering (|yaw| > 0.3)"
36512996303363,NaN,NaN,0.0,-1.6228513717651367,33.93717470169067,31.18743626604859,41.528167724609375,true,true,true,false,3,"Filtered: Sharp turning / cornering (|yaw| > 0.3)"
36513006297729,NaN,NaN,0.0,-1.8413052558898926,14.29035654067993,29.412686900295565,33.39972057342529,true,true,true,false,3,"Filtered: Sharp turning / cornering (|yaw| > 0.3)"
36513016291960,NaN,NaN,0.0,-1.819024920463562,6.45442008972168,27.763160887077394,23.90352554321289,true,true,true,false,3,"Filtered: Sharp turning / cornering (|yaw| > 0.3)"
36513026286435,NaN,NaN,0.0,-1.5302684307098389,25.089044022560124,26.423248570797703,14.571746611595154,true,true,true,false,3,"Filtered: Sharp turning / cornering (|yaw| > 0.3)"
36513036280839,NaN,NaN,0.0,-1.0982942581176758,40.29094297885895,25.563244682494993,6.356467604637146,true,true,true,false,3,"Filtered: Sharp turning / cornering (|yaw| > 0.3)"
36513046275061,NaN,NaN,0.0,-0.5582571625709534,51.14850447177887,25.066437835215254,0.35936262607574465,true,false,true,false,2,"Filtered: Sharp turning / cornering (|yaw| > 0.3)"
36513056269435,NaN,NaN,0.0,-0.0174863338470459,58.457807946205136,24.995765119205508,6.0186142206192015,true,true,true,false,3,"Filtered: Vision YOLO Rejected (No pothole in photo)"
36513066263916,NaN,NaN,0.0,0.28153425455093384,62.2156393289566,25.411565042448174,10.831151413917542,true,true,true,false,3,"Filtered: Vision YOLO Rejected (No pothole in photo)"
36513076258123,NaN,NaN,0.0,0.3571392595767975,62.3425895690918,26.382430120630215,14.639824676513673,true,true,true,false,3,"Filtered: Sharp turning / cornering (|yaw| > 0.3)"
36513086252507,NaN,NaN,0.0,0.38712021708488464,59.021522521972656,27.808564820010524,17.49335479736328,true,true,true,false,3,"Filtered: Sharp turning / cornering (|yaw| > 0.3)"
36513096246740,NaN,NaN,0.0,0.4278208911418915,53.361694145202634,29.328012893728992,19.961973571777342,true,true,true,false,3,"Filtered: Sharp turning / cornering (|yaw| > 0.3)"
36513106241210,NaN,NaN,0.0,0.38267281651496887,45.86987724304199,30.42710135413811,21.9663516998291,true,true,true,false,3,"Filtered: Sharp turning / cornering (|yaw| > 0.3)"
36513116235589,NaN,NaN,0.0,0.3775140643119812,38.08927018642426,30.754561528183068,23.517523574829102,true,true,true,false,3,"Filtered: Sharp turning / cornering (|yaw| > 0.3)"
36513126229805,NaN,NaN,0.0,0.3109970688819885,31.035211730003358,30.340429815636288,24.67874412536621,true,true,true,false,3,"Filtered: Sharp turning / cornering (|yaw| > 0.3)"
36513136224197,NaN,NaN,0.0,0.23279106616973877,25.002478575706483,29.281206529293858,25.361841201782227,true,true,true,false,3,"Filtered: Vision YOLO Rejected (No pothole in photo)"
36513146218670,NaN,NaN,0.0,0.17125970125198364,19.390189719200134,27.413645081164635,25.408803939819336,true,true,true,false,3,"Filtered: Vision YOLO Rejected (No pothole in photo)"
36513156212819,NaN,NaN,0.0,0.03235286474227905,13.743555998802183,24.596250891772655,24.574707412719725,true,true,true,false,3,"Filtered: Vision YOLO Rejected (No pothole in photo)"
36513166207266,NaN,NaN,0.0,-0.13305258750915527,7.941752624511718,20.761577130004,22.58157730102539,true,true,true,false,3,"Filtered: Vision YOLO Rejected (No pothole in photo)"
36513176201496,NaN,NaN,0.0,-0.17461782693862915,1.926589012145996,16.78744714634425,19.419943809509277,false,true,true,false,2,"Filtered: High gyro magnitude"
36513186195888,NaN,NaN,0.0,-0.23116129636764526,4.846527671813963,13.540697039007272,15.11544589996338,false,true,true,false,2,"Filtered: Vision YOLO Rejected (No pothole in photo)"
36513196190138,NaN,NaN,0.0,-0.3020910918712616,11.889876055717467,11.423939100865777,10.076475644111634,true,true,true,false,3,"Filtered: Sharp turning / cornering (|yaw| > 0.3)"
36513206184592,NaN,NaN,0.0,-0.39699578285217285,18.416354632377626,10.450259669147455,5.101168942451477,true,true,true,false,3,"Filtered: Sharp turning / cornering (|yaw| > 0.3)"
36513216178963,NaN,NaN,0.0,-0.47822651267051697,23.871194815635683,10.413407432627645,0.8075493097305297,true,false,true,false,2,"Filtered: Sharp turning / cornering (|yaw| > 0.3)"
36513226173196,NaN,NaN,0.0,-0.4266115128993988,27.87893102169037,10.993158119560418,2.517089819908142,true,false,true,false,2,"Filtered: Sharp turning / cornering (|yaw| > 0.3)"
36513236167664,NaN,NaN,0.0,-0.24052301049232483,30.08477075099945,11.828009671846937,4.675966811180115,true,true,true,false,3,"Filtered: Vision YOLO Rejected (No pothole in photo)"
36513246162046,NaN,NaN,0.0,-7.416270673274994E-4,30.319829654693603,12.60292374322512,5.745122241973877,true,true,true,false,3,"Filtered: Vision YOLO Rejected (No pothole in photo)"
36513256156287,NaN,NaN,0.0,0.20387433469295502,28.711350631713866,13.211924742391682,6.129773330688477,true,true,true,false,3,"Filtered: Vision YOLO Rejected (No pothole in photo)"
36513266150746,NaN,NaN,0.0,0.3133904039859772,25.79400815963745,13.66507861985639,6.374064350128174,true,true,true,false,3,"Filtered: Sharp turning / cornering (|yaw| > 0.3)"
36513276145136,NaN,NaN,0.0,0.3528784215450287,21.800306510925296,13.951561575673498,6.684860610961914,true,true,true,false,3,"Filtered: Sharp turning / cornering (|yaw| > 0.3)"
36513286139386,NaN,NaN,0.0,0.4256118834018707,17.313132405281067,14.121659172215438,7.236656761169433,true,true,true,false,3,"Filtered: Sharp turning / cornering (|yaw| > 0.3)"
36513296133782,NaN,NaN,0.0,0.7156053781509399,13.262898564338684,14.130803139514741,8.161729621887208,true,true,true,false,3,"Filtered: Sharp turning / cornering (|yaw| > 0.3)"
36513306128032,NaN,NaN,0.0,1.1179019212722778,10.2894526720047,13.909419185917578,9.48190336227417,true,true,true,false,3,"Filtered: Sharp turning / cornering (|yaw| > 0.3)"
36513316122501,NaN,NaN,0.0,1.475570559501648,8.19519455432892,13.322250239278711,10.712284374237061,true,true,true,false,3,"Filtered: Sharp turning / cornering (|yaw| > 0.3)"
36513326116876,NaN,NaN,0.0,1.69990873336792,6.8536005258560175,12.303521352951117,11.529567337036132,true,true,true,false,3,"Filtered: Sharp turning / cornering (|yaw| > 0.3)"
36513336111124,NaN,NaN,0.0,1.8766016960144043,5.83519639968872,10.900247029578564,11.580318641662597,true,true,true,false,3,"Filtered: Sharp turning / cornering (|yaw| > 0.3)"
36513346105584,NaN,NaN,0.0,2.080289363861084,4.948826599121094,9.197937231321035,11.07859992980957,false,true,true,false,2,"Filtered: Sharp turning / cornering (|yaw| > 0.3)"
36513356099963,NaN,NaN,0.0,2.1093215942382812,4.285003185272217,7.389906635793461,10.659067535400391,false,true,true,false,2,"Filtered: Sharp turning / cornering (|yaw| > 0.3)"
36513366094216,NaN,NaN,0.0,1.8483253717422485,3.9476804733276367,5.686245295039616,10.632541084289551,false,true,true,false,2,"Filtered: Sharp turning / cornering (|yaw| > 0.3)"
36513376088596,NaN,NaN,0.0,1.3292555809020996,3.5069581985473643,4.156773378911597,10.743614959716798,false,true,false,false,1,"Failed 2-vote rule (Got 1)"
36513386083045,NaN,NaN,0.0,0.7235091924667358,2.5559970855712884,3.1191965252839986,10.717726707458496,false,true,false,false,1,"Failed 2-vote rule (Got 1)"
36513396077276,NaN,NaN,0.0,0.10903748124837875,1.2294537544250481,2.638798892771282,10.711357116699219,false,true,false,false,1,"Failed 2-vote rule (Got 1)"
36513406071668,NaN,NaN,0.0,-0.43273717164993286,0.18011770248413228,2.403723630177616,10.532166671752929,false,true,false,false,1,"Failed 2-vote rule (Got 1)"
36513416066141,NaN,NaN,0.0,-0.9084746837615967,0.9899759292602539,2.3455377747784403,10.539591407775879,false,true,false,false,1,"Failed 2-vote rule (Got 1)"
36513426060372,NaN,NaN,0.0,-1.1881037950515747,0.19167098999023402,2.6208368406011506,11.388647651672363,false,true,false,false,1,"Failed 2-vote rule (Got 1)"
36513436054745,NaN,NaN,0.0,-1.1844226121902466,2.161942100524902,3.113764768171333,13.240542030334472,false,true,false,false,1,"Failed 2-vote rule (Got 1)"
36513446048971,NaN,NaN,0.0,-0.7366276979446411,4.552779960632323,3.4111034242888705,15.211847496032714,false,true,false,false,1,"Failed 2-vote rule (Got 1)"
36513456043430,NaN,NaN,0.0,0.03462514281272888,5.742486572265625,3.307632286034186,16.375027656555176,true,true,false,false,2,"Filtered: Vision YOLO Rejected (No pothole in photo)"
36513466037815,NaN,NaN,0.0,0.7698663473129272,5.432362174987791,3.0882409298403264,16.17597713470459,true,true,false,false,2,"Filtered: Sharp turning / cornering (|yaw| > 0.3)"
36513476032033,NaN,NaN,0.0,1.356520414352417,3.524781417846679,3.1497470841361963,14.242508125305175,false,true,false,false,1,"Failed 2-vote rule (Got 1)"
36513486026483,NaN,NaN,0.0,1.7877259254455566,0.08237786293029714,3.8569144120866174,10.793734979629516,false,true,false,false,1,"Failed 2-vote rule (Got 1)"
36513496020873,NaN,NaN,0.0,1.9730268716812134,3.916383981704711,4.904092477180356,6.615782690048218,false,true,false,false,1,"Failed 2-vote rule (Got 1)"
36513506015106,NaN,NaN,0.0,2.013124942779541,8.114708757400512,6.0374747082582,2.424882650375366,true,false,true,false,2,"Filtered: Sharp turning / cornering (|yaw| > 0.3)"
36513516009499,NaN,NaN,0.0,2.0106072425842285,12.800772714614867,7.100980900695692,1.4121250629425048,true,false,true,false,2,"Filtered: Sharp turning / cornering (|yaw| > 0.3)"
36513526003949,NaN,NaN,0.0,2.0523018836975098,17.79584813117981,8.078068506878338,4.555306100845337,true,true,true,false,3,"Filtered: Sharp turning / cornering (|yaw| > 0.3)"
36513535998170,NaN,NaN,0.0,2.0784547328948975,22.02162160873413,8.933204834137234,6.809774112701416,true,true,true,false,3,"Filtered: Sharp turning / cornering (|yaw| > 0.3)"
36513545992538,NaN,NaN,0.0,2.004903793334961,24.536034393310548,9.577069149431768,8.161006736755372,true,true,true,false,3,"Filtered: Sharp turning / cornering (|yaw| > 0.3)"
36513555986998,NaN,NaN,0.0,1.638191819190979,24.783055210113524,9.968612070999672,8.607078075408936,true,true,true,false,3,"Filtered: Sharp turning / cornering (|yaw| > 0.3)"
36513565981137,NaN,NaN,0.0,1.0381007194519043,22.622502517700195,10.120487308755665,8.37999439239502,true,true,true,false,3,"Filtered: Sharp turning / cornering (|yaw| > 0.3)"
36513575975608,NaN,NaN,0.0,0.3447185158729553,18.436138296127318,10.155707683601403,7.642403316497803,true,true,true,false,3,"Filtered: Sharp turning / cornering (|yaw| > 0.3)"
36513585970083,NaN,NaN,0.0,-0.26901036500930786,13.29510340690613,10.204500558325048,6.6793207168579105,true,true,true,false,3,"Filtered: Vision YOLO Rejected (No pothole in photo)"
36513595964314,NaN,NaN,0.0,-0.6842691898345947,8.310424375534058,10.23626595324205,5.885541725158691,true,true,true,false,3,"Filtered: Sharp turning / cornering (|yaw| > 0.3)"
36513605958698,NaN,NaN,0.0,-0.8233107328414917,4.150762510299683,10.216609455195398,5.562887573242188,false,true,true,false,2,"Filtered: Sharp turning / cornering (|yaw| > 0.3)"
36513615952944,NaN,NaN,0.0,-0.8088550567626953,1.2035320758819577,10.021417937847849,5.758838176727295,false,true,true,false,2,"Filtered: Hard braking / acceleration"
36513625947406,NaN,NaN,0.0,-0.7932822108268738,0.3929444313049322,9.466081304251004,6.416829681396484,false,true,true,false,2,"Filtered: Sharp turning / cornering (|yaw| > 0.3)"
36513635941785,NaN,NaN,0.0,-0.7917873859405518,0.7313603401184086,8.468596212779953,7.429646396636963,false,true,true,false,2,"Filtered: Sharp turning / cornering (|yaw| > 0.3)"
36513645936011,NaN,NaN,0.0,-0.8569109439849854,0.04161300659179723,7.117202874315503,8.565465068817138,false,true,true,false,2,"Filtered: Sharp turning / cornering (|yaw| > 0.3)"
36513655930398,NaN,NaN,0.0,-1.0171563625335693,1.0955793380737298,5.668377340412681,9.47557373046875,false,true,true,true,3,"Filtered: Sharp turning / cornering (|yaw| > 0.3)"
36513665924871,NaN,NaN,0.0,-1.1095534563064575,2.4116795539855955,4.2185279145013395,10.054082870483398,false,true,false,false,1,"Failed 2-vote rule (Got 1)"
36513675919095,NaN,NaN,0.0,-1.0515165328979492,3.716152000427245,3.0461200344217425,10.395472717285156,false,true,false,false,1,"Failed 2-vote rule (Got 1)"
36513685913459,NaN,NaN,0.0,-0.9307833909988403,4.576401329040528,2.350295867076853,10.461943054199219,false,true,false,false,1,"Failed 2-vote rule (Got 1)"
36513695907896,NaN,NaN,0.0,-0.7972803115844727,4.755717086791991,2.0201123605721043,10.318604660034179,false,true,false,true,2,"Filtered: Sharp turning / cornering (|yaw| > 0.3)"
36513705902114,NaN,NaN,0.0,-0.6390803456306458,4.424149417877198,1.9470157337679925,10.182987594604493,false,true,false,true,2,"Filtered: Sharp turning / cornering (|yaw| > 0.3)"
36513715896497,NaN,NaN,0.0,-0.478251576423645,3.7165359497070316,1.9637797206390766,10.133365631103516,false,true,false,true,2,"Filtered: Sharp turning / cornering (|yaw| > 0.3)"
36513725890735,NaN,NaN,0.0,-0.2926657199859619,2.6441054344177246,1.9874753446197728,10.073751831054688,false,true,false,true,2,"Filtered: Vision YOLO Rejected (No pothole in photo)"
36513735885203,NaN,NaN,0.0,-0.017530202865600586,1.512819385528564,2.0083437888264037,10.078284454345702,false,true,false,true,2,"Filtered: High gyro magnitude"
36513745879569,NaN,NaN,0.0,0.2546577751636505,0.6415964126586928,2.0365422311997317,10.117170143127442,false,true,false,false,1,"Failed 2-vote rule (Got 1)"
36513755873802,NaN,NaN,0.0,0.38711750507354736,0.01854934692382848,2.029353834613523,10.03553352355957,false,true,false,false,1,"Failed 2-vote rule (Got 1)"
36513765868247,NaN,NaN,0.0,0.25756075978279114,0.6543514251708977,1.9543141535223956,9.741121292114258,false,true,false,false,1,"Failed 2-vote rule (Got 1)"
36513775862622,NaN,NaN,0.0,0.025127947330474854,1.3575899124145518,1.8400170349125922,9.104353141784667,false,true,false,false,1,"Failed 2-vote rule (Got 1)"
36513785856869,NaN,NaN,0.0,0.05704978108406067,2.281959724426269,1.8311341591776185,8.03664493560791,false,true,false,false,1,"Failed 2-vote rule (Got 1)"
36513795851329,NaN,NaN,0.0,0.2637285888195038,3.501619911193848,2.0276265744786404,6.681367683410644,false,true,false,false,1,"Failed 2-vote rule (Got 1)"
36513805845713,NaN,NaN,0.0,0.281230092048645,5.132484579086304,2.5839180234945567,5.000881052017212,true,true,false,false,2,"Filtered: Vision YOLO Rejected (No pothole in photo)"
36513815839936,NaN,NaN,0.0,0.04131340980529785,7.260139560699463,3.5306650332463048,2.8136122703552244,true,false,false,false,1,"Failed 2-vote rule (Got 1)"
36513825834391,NaN,NaN,0.0,-0.3840601146221161,10.09783182144165,4.881379024121339,0.019547367095947267,true,false,false,false,1,"Failed 2-vote rule (Got 1)"
36513835828771,NaN,NaN,0.0,-0.9521695971488953,13.798425388336183,6.600935005690383,3.68125524520874,true,false,true,false,2,"Filtered: Sharp turning / cornering (|yaw| > 0.3)"
36513845822989,NaN,NaN,0.0,-1.2346336841583252,18.049768924713135,8.381949683896295,8.014235401153565,true,true,true,false,3,"Filtered: Sharp turning / cornering (|yaw| > 0.3)"
36513855817374,NaN,NaN,0.0,-0.8249749541282654,22.13602900505066,9.935509438041114,12.394907712936401,true,true,true,false,3,"Filtered: Sharp turning / cornering (|yaw| > 0.3)"
36513865811838,NaN,NaN,0.0,0.2972698509693146,25.27291145324707,11.119129707325227,16.1685583114624,true,true,true,false,3,"Filtered: Vision YOLO Rejected (No pothole in photo)"
36513875806085,NaN,NaN,0.0,1.4635273218154907,26.94118938446045,11.957283225446051,18.90454444885254,true,true,true,false,3,"Filtered: Sharp turning / cornering (|yaw| > 0.3)"
36513885800495,NaN,NaN,0.0,2.027189254760742,26.779262351989747,12.419971161411006,20.0978946685791,true,true,true,false,3,"Filtered: Sharp turning / cornering (|yaw| > 0.3)"
36513895794983,NaN,NaN,0.0,1.8259656429290771,24.70120301246643,12.525791537836678,19.70032196044922,true,true,true,false,3,"Filtered: Sharp turning / cornering (|yaw| > 0.3)"
36513905789209,NaN,NaN,0.0,1.2540132999420166,20.92183885574341,12.355252789119103,18.108226585388184,true,true,true,false,3,"Filtered: Sharp turning / cornering (|yaw| > 0.3)"
36513915783642,NaN,NaN,0.0,0.6914938688278198,15.921447849273681,12.004113140418013,15.940995216369629,true,true,true,false,3,"Filtered: Sharp turning / cornering (|yaw| > 0.3)"
36513925778027,NaN,NaN,0.0,0.2480621635913849,9.872467136383056,11.528837841721622,13.553722381591797,true,true,true,false,3,"Filtered: Vision YOLO Rejected (No pothole in photo)"
36513935772273,NaN,NaN,0.0,-0.012056127190589905,3.378379535675048,10.922332044492979,11.392614936828613,false,true,true,false,2,"Filtered: Vision YOLO Rejected (No pothole in photo)"
36513945766733,NaN,NaN,0.0,-0.0501774325966835,2.748014879226684,10.199764525303966,9.646892833709718,false,true,true,false,2,"Filtered: Vision YOLO Rejected (No pothole in photo)"
36513955761113,NaN,NaN,0.0,0.11740390956401825,7.902261924743652,9.422996518019652,8.26629638671875,true,true,true,false,3,"Filtered: Vision YOLO Rejected (No pothole in photo)"
36513965755343,NaN,NaN,0.0,0.42597055435180664,11.902911853790284,8.65418147172306,7.001632595062256,true,true,true,false,3,"Filtered: Sharp turning / cornering (|yaw| > 0.3)"
36513975749805,NaN,NaN,0.0,0.7720540165901184,14.53166651725769,8.037856479970236,5.566228151321411,true,true,true,false,3,"Filtered: Sharp turning / cornering (|yaw| > 0.3)"
36513985744209,NaN,NaN,0.0,1.0566190481185913,15.923290514945984,7.682347487702368,3.7770314455032348,true,false,true,false,2,"Filtered: Sharp turning / cornering (|yaw| > 0.3)"
36513995738461,NaN,NaN,0.0,1.2301677465438843,16.299377131462098,7.59039108647128,1.8088494539260864,true,false,true,false,2,"Filtered: Sharp turning / cornering (|yaw| > 0.3)"
36514005732940,NaN,NaN,0.0,1.2746504545211792,16.163762164115905,7.841091471778379,0.22276694774627687,true,false,true,false,2,"Filtered: Sharp turning / cornering (|yaw| > 0.3)"
36514015727325,NaN,NaN,0.0,1.1616036891937256,15.748303389549255,8.39948767129775,2.1945810079574586,true,false,true,false,2,"Filtered: Sharp turning / cornering (|yaw| > 0.3)"
36514025721566,NaN,NaN,0.0,0.8442844152450562,15.282277035713197,9.077900657672489,3.8896620988845827,true,false,true,false,2,"Filtered: Sharp turning / cornering (|yaw| > 0.3)"
36514035716041,NaN,NaN,0.0,0.31334835290908813,14.749856853485108,9.572451698158613,5.10296401977539,true,true,true,false,3,"Filtered: Sharp turning / cornering (|yaw| > 0.3)"
36514045710431,NaN,NaN,0.0,-0.257265567779541,14.083782577514649,9.673719862466925,5.817486190795899,true,true,true,false,3,"Filtered: Vision YOLO Rejected (No pothole in photo)"
36514055704667,NaN,NaN,0.0,-0.638201117515564,13.022695732116699,9.391426806474788,6.021063137054443,true,true,true,false,3,"Filtered: Sharp turning / cornering (|yaw| > 0.3)"
36514065699123,NaN,NaN,0.0,-0.7221753597259521,11.520468854904175,8.874008441251334,5.954240703582764,true,true,true,false,3,"Filtered: Sharp turning / cornering (|yaw| > 0.3)"
36514075693488,NaN,NaN,0.0,-0.5827580690383911,9.708887600898743,8.19113778749005,5.931856155395508,true,true,true,false,3,"Filtered: Sharp turning / cornering (|yaw| > 0.3)"
36514085687716,NaN,NaN,0.0,-0.35371625423431396,7.941512989997864,7.468608599108484,6.132663536071777,true,true,true,false,3,"Filtered: Sharp turning / cornering (|yaw| > 0.3)"
36514095682180,NaN,NaN,0.0,-0.13248272240161896,6.379206681251525,6.8545284806949285,6.601973628997802,true,true,true,false,3,"Filtered: Vision YOLO Rejected (No pothole in photo)"
36514105676336,NaN,NaN,0.0,0.05731837451457977,5.050544667243958,6.382248808926929,7.245125675201416,true,true,true,false,3,"Filtered: Vision YOLO Rejected (No pothole in photo)"
36514115670815,NaN,NaN,0.0,0.14180484414100647,3.907906699180603,5.947697117478351,7.7975687980651855,false,true,true,false,2,"Filtered: Vision YOLO Rejected (No pothole in photo)"
36514125665185,NaN,NaN,0.0,0.10100185871124268,2.9048526763916023,5.45138384309281,8.007816696166993,false,true,true,false,2,"Filtered: Vision YOLO Rejected (No pothole in photo)"
36514135659652,NaN,NaN,0.0,-0.03944180905818939,2.0651852607727044,4.81689801539407,7.882671451568603,false,true,false,false,1,"Failed 2-vote rule (Got 1)"
36514145653877,NaN,NaN,0.0,-0.2963038682937622,1.5004797935485845,4.082147989357336,7.521542930603028,false,true,false,false,1,"Failed 2-vote rule (Got 1)"
36514155648264,NaN,NaN,0.0,-0.5417467355728149,1.1481890678405762,3.3179473715298884,7.10242977142334,false,true,false,false,1,"Failed 2-vote rule (Got 1)"
36514165642714,NaN,NaN,0.0,-0.6905447244644165,0.8616435050964357,2.5625300747499526,6.7934996604919435,false,true,false,false,1,"Failed 2-vote rule (Got 1)"
36514175636925,NaN,NaN,0.0,-0.7860340476036072,0.4677773475646978,1.8888331253285402,6.600440883636475,false,true,false,false,1,"Failed 2-vote rule (Got 1)"
36514185631387,NaN,NaN,0.0,-0.8512067794799805,0.2277226448059082,1.3828401005349689,6.374250984191894,false,true,false,false,1,"Failed 2-vote rule (Got 1)"
36514195625772,NaN,NaN,0.0,-0.9196188449859619,1.2613463401794434,1.1257332289696926,5.983779335021973,false,true,false,false,1,"Failed 2-vote rule (Got 1)"
36514205620002,NaN,NaN,0.0,-1.0383645296096802,2.520384740829468,1.2925721139930426,5.277184057235718,false,true,false,false,1,"Failed 2-vote rule (Got 1)"
36514215614459,NaN,NaN,0.0,-1.0609861612319946,3.8342209577560427,1.7287830278482905,4.17359573841095,false,true,false,false,1,"Failed 2-vote rule (Got 1)"
36514225608832,NaN,NaN,0.0,-1.0864887237548828,5.127441728115081,2.257805426501753,2.755229723453522,true,false,false,false,1,"Failed 2-vote rule (Got 1)"
36514235603052,NaN,NaN,0.0,-1.2618013620376587,6.405238854885102,2.874777467646891,1.1163040757179261,true,false,false,false,1,"Failed 2-vote rule (Got 1)"
36514245597427,NaN,NaN,0.0,-1.6212352514266968,7.738291013240815,3.5512603706166233,0.6358612418174744,true,false,false,false,1,"Failed 2-vote rule (Got 1)"
36514255591887,NaN,NaN,0.0,-1.9446663856506348,9.373726737499236,4.372499340954783,2.5802270770072937,true,false,false,false,1,"Failed 2-vote rule (Got 1)"
36514265586117,NaN,NaN,0.0,-2.091860771179199,11.427214968204499,5.362475469704677,4.826774084568024,true,true,true,false,3,"Filtered: Sharp turning / cornering (|yaw| > 0.3)"
36514275580579,NaN,NaN,0.0,-2.173044443130493,13.580784130096436,6.329150750876396,7.206533145904541,true,true,true,false,3,"Filtered: Sharp turning / cornering (|yaw| > 0.3)"
36514285574973,NaN,NaN,0.0,-2.093132972717285,15.37611198425293,7.094276822872034,9.392332649230957,true,true,true,false,3,"Filtered: Sharp turning / cornering (|yaw| > 0.3)"
36514295569186,NaN,NaN,0.0,-1.726471185684204,16.44997630119324,7.588684916892974,11.17279224395752,true,true,true,false,3,"Filtered: Sharp turning / cornering (|yaw| > 0.3)"
36514305563660,NaN,NaN,0.0,-1.1624277830123901,16.340507435798646,7.798881458216828,12.166911697387695,true,true,true,false,3,"Filtered: Sharp turning / cornering (|yaw| > 0.3)"
36514315558060,NaN,NaN,0.0,-0.6534700393676758,14.938645517826082,7.791861114834409,12.183415794372559,true,true,true,false,3,"Filtered: Sharp turning / cornering (|yaw| > 0.3)"
36514325552282,NaN,NaN,0.0,-0.24577070772647858,12.486721098423004,7.637414057205656,11.370417022705078,true,true,true,false,3,"Filtered: Vision YOLO Rejected (No pothole in photo)"
36514335546723,NaN,NaN,0.0,0.0302608460187912,9.399297201633454,7.387216354132512,10.035158443450928,true,true,true,false,3,"Filtered: Vision YOLO Rejected (No pothole in photo)"
36514345541113,NaN,NaN,0.0,0.1410645991563797,5.828959763050079,7.069072517877116,8.409186840057373,true,true,true,false,3,"Filtered: Vision YOLO Rejected (No pothole in photo)"
36514355535574,NaN,NaN,0.0,0.027901723980903625,1.7566049933433527,6.697248244552261,6.583379077911377,false,true,true,false,2,"Filtered: Hard braking / acceleration"
36514365529819,NaN,NaN,0.0,-0.19718647003173828,2.5171871900558473,6.290868101823891,4.689345955848694,false,true,true,false,2,"Filtered: Vision YOLO Rejected (No pothole in photo)"
36514375524206,NaN,NaN,0.0,-0.44281551241874695,6.32592134475708,5.858184130452362,3.0664113044738768,true,false,true,false,2,"Filtered: Sharp turning / cornering (|yaw| > 0.3)"
36514385518655,NaN,NaN,0.0,-0.5827292799949646,9.269049191474915,5.425908989847244,1.903743052482605,true,false,true,false,2,"Filtered: Sharp turning / cornering (|yaw| > 0.3)"
36514395512905,NaN,NaN,0.0,-0.6305111646652222,10.969187617301941,5.04013858019643,1.1977240800857545,true,false,true,false,2,"Filtered: Sharp turning / cornering (|yaw| > 0.3)"
36514405507312,NaN,NaN,0.0,-0.5844848155975342,11.139417386054992,4.749564281446063,1.043998408317566,true,false,false,false,1,"Failed 2-vote rule (Got 1)"
36514415501775,NaN,NaN,0.0,-0.45978620648384094,10.171825432777405,4.595917583653021,1.1985915899276733,true,false,false,false,1,"Failed 2-vote rule (Got 1)"
36514425496011,NaN,NaN,0.0,-0.22263473272323608,8.842659384012222,4.614010649943946,1.1924990594387055,true,false,false,false,1,"Failed 2-vote rule (Got 1)"
36514435490464,NaN,NaN,0.0,0.06577076017856598,7.593945080041886,4.7947515782365455,0.8152417600154876,true,false,false,false,1,"Failed 2-vote rule (Got 1)"
36514445484867,NaN,NaN,0.0,0.3079856038093567,6.530710130929947,5.088606615627274,0.052668946981430056,true,false,true,false,2,"Filtered: Sharp turning / cornering (|yaw| > 0.3)"
36514455479100,NaN,NaN,0.0,0.4896427392959595,5.7708207905292515,5.428849281083673,1.0814748346805572,true,false,true,false,2,"Filtered: Sharp turning / cornering (|yaw| > 0.3)"
36514465473565,NaN,NaN,0.0,0.6211317777633667,5.436680489778519,5.6640887291521285,2.370269185304642,true,false,true,false,2,"Filtered: Sharp turning / cornering (|yaw| > 0.3)"
36514475467958,NaN,NaN,0.0,0.7193584442138672,5.484687566757202,5.693280948029314,3.5809445142745973,true,false,true,false,2,"Filtered: Sharp turning / cornering (|yaw| > 0.3)"
36514485462181,NaN,NaN,0.0,0.7630680799484253,5.827562260627747,5.516511292970242,4.629838180541992,true,true,true,false,3,"Filtered: Sharp turning / cornering (|yaw| > 0.3)"
36514495456637,NaN,NaN,0.0,0.6153130531311035,6.499291014671326,5.187153042744612,5.45529260635376,true,true,true,false,3,"Filtered: Sharp turning / cornering (|yaw| > 0.3)"
36514505451008,NaN,NaN,0.0,0.4079902470111847,7.236546874046326,4.816523268250402,6.037955284118652,true,true,false,false,2,"Filtered: Sharp turning / cornering (|yaw| > 0.3)"
36514515445478,NaN,NaN,0.0,0.24259550869464874,7.6041388452053065,4.454317722316001,6.411639785766601,true,true,false,false,2,"Filtered: Vision YOLO Rejected (No pothole in photo)"
36514525439713,NaN,NaN,0.0,0.16601276397705078,7.465144199132919,4.137777820783039,6.649902439117431,true,true,false,false,2,"Filtered: Vision YOLO Rejected (No pothole in photo)"
36514535434104,NaN,NaN,0.0,0.176105797290802,6.844748109579086,3.8519710985911475,6.792079162597656,true,true,false,false,2,"Filtered: Vision YOLO Rejected (No pothole in photo)"
36514545428564,NaN,NaN,0.0,0.2526971399784088,5.770766681432724,3.6001286297445896,6.852241516113281,true,true,false,false,2,"Filtered: Vision YOLO Rejected (No pothole in photo)"
36514555422770,NaN,NaN,0.0,0.3067341148853302,4.415585249662399,3.448289676100697,6.785854434967041,false,true,false,false,1,"Failed 2-vote rule (Got 1)"
36514565417151,NaN,NaN,0.0,0.4566155672073364,3.131725525856018,3.3939360673888848,6.712670040130615,false,true,false,false,1,"Failed 2-vote rule (Got 1)"
36514575411613,NaN,NaN,0.0,0.555489718914032,1.8696644783020018,3.3139760808645655,6.499502658843994,false,true,false,false,1,"Failed 2-vote rule (Got 1)"
36514585405840,NaN,NaN,0.0,0.5954354405403137,0.7426537513732905,3.1445134530458967,6.197946357727051,false,true,false,false,1,"Failed 2-vote rule (Got 1)"
36514595400239,NaN,NaN,0.0,0.467379093170166,0.23742542266845668,2.8623305216676282,5.800529861450196,false,true,false,false,1,"Failed 2-vote rule (Got 1)"
36514605394709,NaN,NaN,0.0,0.22023680806159973,1.0206557273864743,2.4532093552375622,5.390984058380127,false,true,false,false,1,"Failed 2-vote rule (Got 1)"
36514615389175,NaN,NaN,0.0,-0.035751402378082275,1.8306352138519282,2.0096350191944974,4.819267225265503,false,true,false,false,1,"Failed 2-vote rule (Got 1)"
36514625383401,NaN,NaN,0.0,-0.060730431228876114,2.7286149978637697,1.744518770858523,4.063464164733887,false,true,false,false,1,"Failed 2-vote rule (Got 1)"
36514635377803,NaN,NaN,0.0,0.20814643800258636,3.648403859138489,1.7268979981611445,3.2038376569747924,false,false,false,false,0,"Failed 2-vote rule (Got 0)"
36514645372262,NaN,NaN,0.0,0.5841986536979675,4.356165957450866,1.8681596716167814,2.4296884775161742,false,false,false,false,0,"Failed 2-vote rule (Got 0)"
36514655366493,NaN,NaN,0.0,0.7939801216125488,4.996272993087769,2.0861780364485463,1.7163970470428467,false,false,false,false,0,"Failed 2-vote rule (Got 0)"
36514665360859,NaN,NaN,0.0,0.6163901686668396,5.535611021518707,2.3681368817175548,0.9638916373252868,true,false,false,false,1,"Failed 2-vote rule (Got 1)"
36514675355320,NaN,NaN,0.0,0.08937440067529678,6.108850824832916,2.7877870909066775,0.08909553289413452,true,false,false,false,1,"Failed 2-vote rule (Got 1)"
36514685349565,NaN,NaN,0.0,-0.4954325556755066,6.840505254268646,3.3396673994282864,1.039975392818451,true,false,false,false,1,"Failed 2-vote rule (Got 1)"
36514695343938,NaN,NaN,0.0,-0.9446689486503601,7.662817752361297,3.8135750298111932,2.2718336939811707,true,false,false,false,1,"Failed 2-vote rule (Got 1)"
36514705338382,NaN,NaN,0.0,-0.9547188878059387,8.400616991519929,4.201918912993279,3.581349766254425,true,false,false,false,1,"Failed 2-vote rule (Got 1)"
36514715332608,NaN,NaN,0.0,-0.3186686038970947,8.887629079818726,4.508016962158026,4.824164915084839,true,true,false,false,2,"Filtered: Sharp turning / cornering (|yaw| > 0.3)"
36514725327075,NaN,NaN,0.0,0.41904258728027344,8.759521174430848,4.648405156503534,5.555683517456055,true,true,false,false,2,"Filtered: Sharp turning / cornering (|yaw| > 0.3)"
36514735321473,NaN,NaN,0.0,0.8939018845558167,8.130892205238343,4.657502176502124,5.701203727722168,true,true,false,false,2,"Filtered: Sharp turning / cornering (|yaw| > 0.3)"
36514745315706,NaN,NaN,0.0,1.1441032886505127,7.285071611404419,4.5710542794511415,5.568674564361572,true,true,false,false,2,"Filtered: Sharp turning / cornering (|yaw| > 0.3)"
36514755310147,NaN,NaN,0.0,1.1741973161697388,6.17132705450058,4.421647659920845,5.207435417175293,true,true,false,false,2,"Filtered: Sharp turning / cornering (|yaw| > 0.3)"
36514765304548,NaN,NaN,0.0,0.9510608911514282,4.7646048903465275,4.179119640350222,4.675509357452393,false,true,false,false,1,"Failed 2-vote rule (Got 1)"
36514775298993,NaN,NaN,0.0,0.5491552948951721,3.192313635349274,3.9010481102135675,4.232289028167725,false,true,false,false,1,"Failed 2-vote rule (Got 1)"
36514815276283,NaN,NaN,0.0,-0.3621516227722168,3.137970960140229,2.5730177427484566,2.4177125573158262,false,false,false,false,0,"Failed 2-vote rule (Got 0)"
36514825270742,NaN,NaN,0.0,-0.23956196010112762,4.078610342741013,2.4236870299340834,1.6225933849811554,false,false,false,false,0,"Failed 2-vote rule (Got 0)"
36514835265127,NaN,NaN,0.0,-0.019752025604248047,4.81284402012825,2.4052692972019765,0.7558305442333222,false,false,false,false,0,"Failed 2-vote rule (Got 0)"
36514845259616,NaN,NaN,0.0,0.256671279668808,5.301913791894912,2.456667187803421,0.09447837471961976,true,false,false,false,1,"Failed 2-vote rule (Got 1)"
36514855253862,NaN,NaN,0.0,0.4641309976577759,5.50139771103859,2.552635128052476,0.8258883535861969,true,false,false,false,1,"Failed 2-vote rule (Got 1)"
36514865248249,NaN,NaN,0.0,0.5604667663574219,5.55229372382164,2.6919598275268974,1.3200046956539153,true,false,false,false,1,"Failed 2-vote rule (Got 1)"
36514875242722,NaN,NaN,0.0,0.5398379564285278,5.488207066059113,2.864255846516576,1.6182050824165344,true,false,false,false,1,"Failed 2-vote rule (Got 1)"
36514885236941,NaN,NaN,0.0,0.39355695247650146,5.312675738334656,2.9769755692541646,1.8154354333877563,true,false,false,false,1,"Failed 2-vote rule (Got 1)"
36514895231410,NaN,NaN,0.0,0.2195165455341339,5.040222597122192,3.0433611186730642,1.9960078239440917,true,false,false,false,1,"Failed 2-vote rule (Got 1)"
36514905225794,NaN,NaN,0.0,0.07608925551176071,4.60932537317276,3.047847755976772,2.1916128158569337,false,false,false,false,0,"Failed 2-vote rule (Got 0)"
36514915220266,NaN,NaN,0.0,-0.015071645379066467,4.038101297616959,2.9529233692157644,2.4155079126358032,false,false,false,false,0,"Failed 2-vote rule (Got 0)"
36514925214473,NaN,NaN,0.0,-0.02000926434993744,3.3707561910152437,2.820906604975127,2.6149256467819213,false,false,false,false,0,"Failed 2-vote rule (Got 0)"
36514935208878,NaN,NaN,0.0,0.05384761095046997,2.6470081746578216,2.665829136514417,2.7414865493774414,false,false,false,false,0,"Failed 2-vote rule (Got 0)"
36515115107578,NaN,NaN,0.0,-0.979442834854126,2.563485932350159,1.3918548962894446,1.153564190864563,false,false,false,false,0,"Failed 2-vote rule (Got 0)"
36515125102040,NaN,NaN,0.0,-1.0270686149597168,3.3737907350063323,1.6494597594691147,1.9518783032894134,false,false,false,false,0,"Failed 2-vote rule (Got 0)"
36515135096246,NaN,NaN,0.0,-0.9630346298217773,4.050234150886535,1.8817327360427185,2.718934345245361,false,false,false,false,0,"Failed 2-vote rule (Got 0)"
36515145090649,NaN,NaN,0.0,-0.8670561909675598,4.569185185432434,2.0515262626952024,3.3688652753829955,false,false,false,false,0,"Failed 2-vote rule (Got 0)"
36515155085123,NaN,NaN,0.0,-0.6854323744773865,4.874362742900848,2.161814302202358,3.8100508213043214,false,false,false,false,0,"Failed 2-vote rule (Got 0)"
36515165079555,NaN,NaN,0.0,-0.41312336921691895,4.790276056528091,2.203773459302965,3.9327203273773192,false,true,false,false,1,"Failed 2-vote rule (Got 1)"
36515175073791,NaN,NaN,0.0,-0.14826014637947083,4.303746902942657,2.213464699067895,3.755559968948364,false,false,false,false,0,"Failed 2-vote rule (Got 0)"
36515185068207,NaN,NaN,0.0,0.059195347130298615,3.5584990859031675,2.1943812413204578,3.4248161792755125,false,false,false,false,0,"Failed 2-vote rule (Got 0)"
36515195062442,NaN,NaN,0.0,0.15126195549964905,2.5669708371162416,2.1248251212438793,3.012331962585449,false,false,false,false,0,"Failed 2-vote rule (Got 0)"
36515235039983,NaN,NaN,0.0,0.05051258206367493,2.523516535758972,1.7890184141356813,0.8453487396240235,false,false,false,false,0,"Failed 2-vote rule (Got 0)"
36515245034444,NaN,NaN,0.0,0.01585303619503975,3.552998530864716,1.7663223847007596,0.2570522904396057,false,false,false,false,0,"Failed 2-vote rule (Got 0)"
36515255028844,NaN,NaN,0.0,0.021540172398090363,4.137932562828064,1.7461996180756212,0.20521223545074463,false,false,false,false,0,"Failed 2-vote rule (Got 0)"
36515265023315,NaN,NaN,0.0,0.04129088297486305,4.227092337608338,1.7289889747684257,0.47153236865997317,false,false,false,false,0,"Failed 2-vote rule (Got 0)"
36515275017536,NaN,NaN,0.0,0.05837468057870865,3.940149652957916,1.7220354289434214,0.5153334736824036,false,false,false,false,0,"Failed 2-vote rule (Got 0)"
36515285011998,NaN,NaN,0.0,0.11714756488800049,3.4397836208343504,1.73846125551985,0.42745165824890136,false,false,false,false,0,"Failed 2-vote rule (Got 0)"
36515295006368,NaN,NaN,0.0,0.18444320559501648,2.83597913980484,1.7821974762452604,0.32577201128005984,false,false,false,false,0,"Failed 2-vote rule (Got 0)"
